﻿{"cameraMode":{"drawMode":0,"name":"Shaded","section":"Shading Mode"},"sceneLighting":true,"audioPlay":false,"sceneViewState":{"showFog":true,"showMaterialUpdate":false,"showSkybox":true,"showFlares":true,"showImageEffects":true,"showParticleSystems":true},"in2DMode":false,"pivot":{"x":2.3421034812927248,"y":-11.31805419921875,"z":-34.90019226074219},"rotation":{"x":-0.014208436943590641,"y":0.9802649617195129,"z":-0.18173302710056306,"w":-0.07663259655237198},"size":46.14860534667969,"orthographic":false}